Timestamp,Precio,Accion_Bot,Posicion_Actual,RSI_1m,Stoch_1m,BB_Width_1m,BB_Pos_1m,Vol_1m,RSI_5m,Stoch_5m,BB_Width_5m,BB_Pos_5m,Vol_5m,RSI_15m,Stoch_15m,BB_Width_15m,BB_Pos_15m,Velocidad_Precio
2025-11-27 16:27:01,187.06,Escaneo Jerárquico...,NINGUNA,36.6,0.0,0.41,MID,52.5,41.2,33.2,1.17,MID,0.7,59.7,0.0,3.10,MID,+0.0000%
2025-11-27 16:28:52,187.12,Escaneo Jerárquico...,NINGUNA,41.4,12.6,0.43,MID,36.8,42.3,36.4,1.16,MID,1.3,60.5,0.0,3.11,MID,+0.0000%
2025-11-27 16:29:09,187.15,Escaneo Jerárquico...,NINGUNA,42.9,16.4,0.42,MID,36.8,42.9,38.0,1.16,MID,1.3,60.9,0.8,3.12,MID,+0.0107%
2025-11-27 16:29:25,187.14,Escaneo Jerárquico...,NINGUNA,45.1,25.5,0.42,MID,6.7,42.7,37.4,1.16,MID,1.5,60.8,0.4,3.12,MID,-0.0053%
2025-11-27 16:29:40,187.10,Escaneo Jerárquico...,NINGUNA,43.6,20.9,0.42,MID,6.7,41.9,35.3,1.16,MID,1.5,60.2,0.0,3.11,MID,-0.0053%
2025-11-27 16:29:56,187.11,Escaneo Jerárquico...,NINGUNA,44.0,22.0,0.42,MID,6.7,42.1,35.8,1.16,MID,1.5,60.4,0.0,3.11,MID,+0.0000%
2025-11-27 16:30:13,187.21,Escaneo Jerárquico...,NINGUNA,48.3,35.0,0.41,MID,6.7,44.3,42.0,1.16,MID,1.5,61.8,3.5,3.13,MID,+0.0428%
2025-11-27 16:30:28,187.23,Escaneo Jerárquico...,NINGUNA,49.2,37.6,0.41,MID,6.7,44.8,43.4,1.16,MID,1.5,62.1,4.5,3.13,MID,+0.0214%
2025-11-27 16:30:44,187.16,Escaneo Jerárquico...,NINGUNA,46.0,28.2,0.42,MID,6.7,43.1,38.5,1.16,MID,1.5,61.1,1.2,3.12,MID,-0.0160%
2025-11-27 16:31:01,187.10,Escaneo Jerárquico...,NINGUNA,43.6,20.9,0.42,MID,6.7,41.9,35.3,1.16,MID,1.5,60.2,0.0,3.11,MID,-0.0214%
2025-11-27 16:31:17,187.14,Escaneo Jerárquico...,NINGUNA,45.1,25.5,0.42,MID,6.7,42.7,37.4,1.16,MID,1.5,60.8,0.4,3.12,MID,+0.0107%
2025-11-27 16:31:34,187.08,Escaneo Jerárquico...,NINGUNA,46.5,29.5,0.43,MID,20.3,44.1,41.4,1.12,MID,0.9,60.4,0.0,2.76,MID,-0.0053%
2025-11-27 16:31:51,187.21,Escaneo Jerárquico...,NINGUNA,52.8,48.3,0.42,MID,20.3,47.2,50.0,1.12,MID,0.9,61.9,3.7,2.78,MID,+0.0802%
2025-11-27 16:32:08,187.03,Escaneo Jerárquico...,NINGUNA,44.2,22.8,0.44,MID,20.3,43.1,38.5,1.13,MID,0.9,59.7,0.0,2.75,MID,-0.0961%
2025-11-27 16:32:24,187.06,Escaneo Jerárquico...,NINGUNA,45.5,26.7,0.43,MID,20.3,43.7,40.2,1.12,MID,0.9,60.1,0.0,2.75,MID,-0.0053%
2025-11-27 16:32:40,187.07,Escaneo Jerárquico...,NINGUNA,46.0,28.1,0.43,MID,20.3,43.9,40.8,1.12,MID,0.9,60.2,0.0,2.76,MID,+0.0053%
2025-11-27 16:32:57,187.15,Escaneo Jerárquico...,NINGUNA,50.0,40.1,0.42,MID,20.3,45.6,45.7,1.12,MID,0.9,61.3,2.0,2.77,MID,+0.0321%
2025-11-27 16:33:14,187.15,Escaneo Jerárquico...,NINGUNA,50.0,40.1,0.42,MID,20.3,45.6,45.7,1.12,MID,0.9,61.3,2.0,2.77,MID,-0.0107%
2025-11-27 16:33:29,187.11,Escaneo Jerárquico...,NINGUNA,48.0,34.0,0.42,MID,20.3,44.7,43.1,1.12,MID,0.9,60.8,0.4,2.76,MID,-0.0214%
2025-11-27 16:33:45,187.11,Escaneo Jerárquico...,NINGUNA,34.4,0.0,0.36,MID,27.9,44.7,43.1,1.12,MID,2.8,60.8,0.4,2.76,MID,+0.0000%
2025-11-27 16:34:00,187.08,Escaneo Jerárquico...,NINGUNA,33.3,0.0,0.37,MID,27.9,44.1,41.4,1.12,MID,2.8,60.4,0.0,2.76,MID,-0.0107%
2025-11-27 16:34:15,187.12,Escaneo Jerárquico...,NINGUNA,34.8,0.0,0.36,MID,27.9,44.9,43.7,1.12,MID,2.8,60.9,0.8,2.76,MID,+0.0214%
2025-11-27 16:34:31,187.10,Escaneo Jerárquico...,NINGUNA,34.1,0.0,0.36,MID,27.9,44.5,42.6,1.12,MID,2.8,60.7,0.0,2.76,MID,+0.0000%
2025-11-27 16:34:46,187.14,Escaneo Jerárquico...,NINGUNA,35.6,0.0,0.36,MID,27.9,45.4,45.0,1.12,MID,2.8,61.2,1.7,2.77,MID,-0.0107%
2025-11-27 16:35:01,187.15,Escaneo Jerárquico...,NINGUNA,36.0,0.0,0.36,MID,27.9,45.6,45.7,1.12,MID,2.8,61.3,2.0,2.77,MID,+0.0053%
2025-11-27 16:35:17,187.17,Escaneo Jerárquico...,NINGUNA,37.2,2.9,0.36,MID,27.9,46.2,47.2,1.12,MID,2.8,61.5,2.6,2.77,MID,+0.0160%
2025-11-27 16:35:34,187.12,Escaneo Jerárquico...,NINGUNA,48.1,79.6,0.33,MID,16.4,51.1,60.9,1.03,MID,0.3,60.9,0.8,2.76,MID,+0.0053%
2025-11-27 16:35:50,187.13,Escaneo Jerárquico...,NINGUNA,48.7,82.9,0.33,MID,16.4,51.4,61.7,1.03,MID,0.3,61.1,1.2,2.77,MID,+0.0000%
2025-11-27 16:36:05,187.16,Escaneo Jerárquico...,NINGUNA,50.6,93.3,0.33,MID,16.4,52.2,64.0,1.03,MID,0.3,61.4,2.3,2.77,MID,-0.0374%
2025-11-27 16:36:22,187.12,Escaneo Jerárquico...,NINGUNA,48.1,79.6,0.33,MID,16.4,51.1,60.9,1.03,MID,0.3,60.9,0.8,2.76,MID,-0.0214%
2025-11-27 16:36:38,187.07,Escaneo Jerárquico...,NINGUNA,45.2,64.2,0.34,MID,16.4,49.7,57.1,1.04,MID,0.3,60.2,0.0,2.76,MID,-0.0214%
2025-11-27 16:36:54,187.05,Escaneo Jerárquico...,NINGUNA,44.2,58.5,0.34,MID,16.4,49.2,55.7,1.04,MID,0.3,60.0,0.0,2.75,MID,-0.0053%
2025-11-27 16:37:10,187.04,Escaneo Jerárquico...,NINGUNA,43.7,55.8,0.34,MID,16.4,49.0,55.0,1.04,MID,0.3,59.8,0.0,2.75,MID,-0.0053%
2025-11-27 16:37:26,187.00,Escaneo Jerárquico...,NINGUNA,44.8,56.6,0.37,MID,3.8,48.0,52.2,1.04,MID,1.9,59.3,0.0,2.75,MID,+0.0000%
2025-11-27 16:37:43,186.93,Escaneo Jerárquico...,NINGUNA,41.5,40.1,0.40,LOWER,3.8,46.3,47.6,1.05,MID,1.9,58.3,0.0,2.74,MID,-0.0053%
2025-11-27 16:37:59,186.92,Escaneo Jerárquico...,NINGUNA,41.1,38.0,0.40,LOWER,3.8,46.1,47.0,1.05,MID,1.9,58.2,0.0,2.74,MID,+0.0000%
2025-11-27 16:38:15,186.89,Escaneo Jerárquico...,NINGUNA,39.8,31.8,0.41,LOWER,3.8,45.4,45.1,1.06,MID,1.9,57.8,0.0,2.73,MID,-0.0160%
2025-11-27 16:38:30,186.78,Escaneo Jerárquico...,NINGUNA,35.8,12.0,0.48,LOWER,3.8,43.1,38.7,1.08,MID,1.9,56.4,0.0,2.72,MID,-0.0428%
2025-11-27 16:38:47,186.79,Escaneo Jerárquico...,NINGUNA,36.1,13.7,0.47,LOWER,3.8,43.3,39.3,1.08,MID,1.9,56.6,0.0,2.72,MID,+0.0000%
2025-11-27 16:39:03,186.74,Escaneo Jerárquico...,NINGUNA,34.5,5.8,0.50,LOWER,3.8,42.3,36.6,1.10,MID,1.9,55.9,0.0,2.72,MID,-0.0268%
2025-11-27 16:39:19,186.74,Escaneo Jerárquico...,NINGUNA,32.6,12.9,0.55,LOWER,2.4,42.3,36.6,1.10,MID,5.3,55.9,0.0,2.72,MID,+0.0000%
2025-11-27 16:39:34,186.76,Escaneo Jerárquico...,NINGUNA,34.0,18.6,0.54,LOWER,2.4,42.7,37.6,1.09,MID,5.3,56.2,0.0,2.72,MID,+0.0000%
2025-11-27 16:39:50,186.78,Escaneo Jerárquico...,NINGUNA,35.4,24.2,0.53,LOWER,2.4,43.1,38.7,1.08,MID,5.3,56.4,0.0,2.72,MID,-0.0054%
2025-11-27 16:40:06,186.84,Escaneo Jerárquico...,NINGUNA,39.0,39.5,0.50,MID,2.4,44.3,42.1,1.07,MID,5.3,57.2,0.0,2.73,MID,+0.0321%
2025-11-27 16:40:23,186.88,Escaneo Jerárquico...,NINGUNA,41.3,48.7,0.49,MID,2.4,45.2,44.5,1.06,MID,5.3,57.7,0.0,2.73,MID,+0.0214%
2025-11-27 16:40:40,186.88,Escaneo Jerárquico...,NINGUNA,41.3,48.7,0.49,MID,2.4,45.2,44.5,1.06,MID,5.3,57.7,0.0,2.73,MID,+0.0000%
2025-11-27 16:40:56,186.97,Escaneo Jerárquico...,NINGUNA,45.8,67.3,0.46,MID,2.4,47.2,50.2,1.05,MID,5.3,58.9,0.0,2.74,MID,+0.0482%
2025-11-27 16:41:11,187.06,Escaneo Jerárquico...,NINGUNA,49.6,83.2,0.50,MID,1.3,53.7,68.1,1.04,MID,9.1,60.1,0.0,2.75,MID,+0.0428%
2025-11-27 16:41:26,187.03,Escaneo Jerárquico...,NINGUNA,48.4,78.0,0.50,MID,1.3,53.0,66.3,1.05,MID,9.1,59.7,0.0,2.75,MID,-0.0107%
2025-11-27 16:41:43,186.96,Escaneo Jerárquico...,NINGUNA,45.2,65.0,0.51,MID,1.3,51.4,61.9,1.05,MID,9.1,58.7,0.0,2.74,MID,-0.0267%
2025-11-27 16:41:58,187.01,Escaneo Jerárquico...,NINGUNA,47.5,74.5,0.51,MID,1.3,52.6,65.0,1.05,MID,9.1,59.4,0.0,2.75,MID,-0.0053%
2025-11-27 16:42:15,187.08,Escaneo Jerárquico...,NINGUNA,50.4,86.5,0.50,MID,1.3,54.1,69.2,1.04,MID,9.1,60.4,0.0,2.76,MID,+0.0428%
2025-11-27 16:42:31,187.07,Escaneo Jerárquico...,NINGUNA,50.0,84.8,0.50,MID,1.3,53.9,68.7,1.04,MID,9.1,60.2,0.0,2.76,MID,+0.0053%
2025-11-27 16:42:48,187.05,Escaneo Jerárquico...,NINGUNA,49.2,81.5,0.50,MID,1.3,53.5,67.5,1.05,MID,9.1,60.0,0.0,2.75,MID,-0.0428%
2025-11-27 16:43:03,187.05,Escaneo Jerárquico...,NINGUNA,49.2,81.5,0.50,MID,1.3,53.5,67.5,1.05,MID,9.1,60.0,0.0,2.75,MID,+0.0000%
2025-11-27 16:43:20,187.03,Escaneo Jerárquico...,NINGUNA,45.3,65.4,0.49,MID,14.5,53.0,66.3,1.05,MID,34.9,59.7,0.0,2.75,MID,+0.0000%
2025-11-27 16:43:36,186.99,Escaneo Jerárquico...,NINGUNA,43.8,59.2,0.50,MID,14.5,52.1,63.8,1.05,MID,34.9,59.1,0.0,2.74,MID,-0.0214%
2025-11-27 16:43:51,187.02,Escaneo Jerárquico...,NINGUNA,44.9,63.8,0.49,MID,14.5,52.8,65.7,1.05,MID,34.9,59.5,0.0,2.75,MID,+0.0160%
2025-11-27 16:44:08,187.01,Escaneo Jerárquico...,NINGUNA,44.5,62.2,0.49,MID,14.5,52.6,65.0,1.05,MID,34.9,59.4,0.0,2.75,MID,+0.0053%
2025-11-27 16:44:23,187.01,Escaneo Jerárquico...,NINGUNA,44.5,62.2,0.49,MID,14.5,52.6,65.0,1.05,MID,34.9,59.4,0.0,2.75,MID,+0.0000%
2025-11-27 16:44:40,187.05,Escaneo Jerárquico...,NINGUNA,46.1,68.6,0.49,MID,14.5,53.5,67.5,1.05,MID,34.9,60.0,0.0,2.75,MID,+0.0267%
2025-11-27 16:44:57,186.98,Escaneo Jerárquico...,NINGUNA,43.4,57.7,0.50,MID,14.5,51.9,63.2,1.05,MID,34.9,59.0,0.0,2.74,MID,+0.0000%
2025-11-27 16:45:12,186.93,Escaneo Jerárquico...,NINGUNA,41.7,50.6,0.51,MID,14.5,50.7,59.9,1.06,MID,34.9,58.3,0.0,2.74,MID,-0.0214%
2025-11-27 16:45:28,186.98,Escaneo Jerárquico...,NINGUNA,40.7,46.3,0.49,MID,8.6,50.0,60.9,0.96,MID,1.8,62.3,10.5,2.44,MID,+0.0160%
2025-11-27 16:45:43,186.99,Escaneo Jerárquico...,NINGUNA,41.2,48.5,0.49,MID,8.6,50.2,61.7,0.95,MID,1.8,62.4,10.8,2.44,MID,+0.0053%
2025-11-27 16:45:59,186.93,Escaneo Jerárquico...,NINGUNA,38.6,37.6,0.50,MID,8.6,48.8,57.3,0.96,MID,1.8,61.7,8.7,2.44,MID,-0.0107%
2025-11-27 16:46:15,186.90,Escaneo Jerárquico...,NINGUNA,37.6,33.5,0.50,MID,8.6,48.1,55.2,0.97,MID,1.8,61.2,7.4,2.43,MID,+0.0107%
2025-11-27 16:46:31,186.86,Escaneo Jerárquico...,NINGUNA,36.4,28.3,0.51,MID,8.6,47.1,52.6,0.97,MID,1.8,60.7,5.7,2.43,MID,-0.0161%
2025-11-27 16:46:47,186.80,Escaneo Jerárquico...,NINGUNA,34.6,21.2,0.53,MID,8.6,45.8,48.7,0.98,MID,1.8,59.8,3.2,2.42,MID,-0.0268%
2025-11-27 16:47:04,186.81,Escaneo Jerárquico...,NINGUNA,34.9,22.4,0.53,MID,8.6,46.0,49.3,0.98,MID,1.8,60.0,3.6,2.43,MID,+0.0054%
2025-11-27 16:47:20,186.93,Escaneo Jerárquico...,NINGUNA,38.6,37.6,0.50,MID,8.6,48.8,57.3,0.96,MID,1.8,61.7,8.7,2.44,MID,-0.0053%
2025-11-27 16:47:36,186.97,Escaneo Jerárquico...,NINGUNA,45.7,66.9,0.54,MID,27.1,49.8,60.2,0.96,MID,26.4,62.2,10.2,2.44,MID,+0.0053%
2025-11-27 16:47:53,187.00,Escaneo Jerárquico...,NINGUNA,46.9,72.1,0.54,MID,27.1,50.5,62.4,0.95,MID,26.4,62.5,11.0,2.44,MID,+0.0000%
2025-11-27 16:48:08,187.01,Escaneo Jerárquico...,NINGUNA,47.3,73.8,0.54,MID,27.1,50.7,63.1,0.95,MID,26.4,62.6,11.3,2.45,MID,+0.0107%
2025-11-27 16:48:23,186.96,Escaneo Jerárquico...,NINGUNA,45.2,65.1,0.54,MID,27.1,49.5,59.5,0.96,MID,26.4,62.1,10.0,2.44,MID,-0.0107%
2025-11-27 16:48:39,186.98,Escaneo Jerárquico...,NINGUNA,46.1,68.7,0.54,MID,27.1,50.0,60.9,0.96,MID,26.4,62.3,10.5,2.44,MID,+0.0107%
2025-11-27 16:48:55,186.90,Escaneo Jerárquico...,NINGUNA,42.5,53.8,0.55,MID,27.1,48.1,55.2,0.97,MID,26.4,61.2,7.4,2.43,MID,-0.0428%
2025-11-27 16:49:10,186.90,Escaneo Jerárquico...,NINGUNA,42.5,53.8,0.55,MID,27.1,48.1,55.2,0.97,MID,26.4,61.2,7.4,2.43,MID,+0.0054%
2025-11-27 16:49:26,186.86,Escaneo Jerárquico...,NINGUNA,40.5,45.6,0.55,MID,27.1,47.1,52.6,0.97,MID,26.4,60.7,5.7,2.43,MID,-0.0054%
2025-11-27 16:49:42,186.89,Escaneo Jerárquico...,NINGUNA,42.0,51.8,0.55,MID,27.1,47.8,54.6,0.97,MID,26.4,61.1,7.0,2.43,MID,+0.0161%
2025-11-27 16:49:58,186.87,Escaneo Jerárquico...,NINGUNA,37.1,42.7,0.53,MID,30.3,47.4,53.2,0.97,MID,49.4,60.8,6.1,2.43,MID,-0.0107%
2025-11-27 16:50:13,186.92,Escaneo Jerárquico...,NINGUNA,39.1,53.8,0.52,MID,30.3,48.5,56.6,0.96,MID,49.4,61.5,8.2,2.43,MID,+0.0268%
2025-11-27 16:50:30,186.92,Escaneo Jerárquico...,NINGUNA,39.1,53.8,0.52,MID,30.3,48.5,56.6,0.96,MID,49.4,61.5,8.2,2.43,MID,+0.0000%
2025-11-27 16:50:47,186.94,Escaneo Jerárquico...,NINGUNA,40.0,58.8,0.52,MID,30.3,49.0,58.0,0.96,MID,49.4,61.8,9.1,2.44,MID,+0.0161%
2025-11-27 16:51:03,186.94,Escaneo Jerárquico...,NINGUNA,40.0,58.8,0.52,MID,30.3,49.0,58.0,0.96,MID,49.4,61.8,9.1,2.44,MID,+0.0000%
2025-11-27 16:51:18,187.00,Escaneo Jerárquico...,NINGUNA,42.6,73.2,0.52,MID,30.3,50.5,62.4,0.95,MID,49.4,62.5,11.0,2.44,MID,+0.0267%
2025-11-27 16:51:34,187.02,Escaneo Jerárquico...,NINGUNA,43.4,77.7,0.52,MID,30.3,51.0,63.8,0.95,MID,49.4,62.6,11.6,2.45,MID,+0.0160%
2025-11-27 16:51:51,186.99,Escaneo Jerárquico...,NINGUNA,42.1,70.9,0.52,MID,30.3,50.2,61.7,0.95,MID,49.4,62.4,10.8,2.44,MID,+0.0000%
2025-11-27 16:52:06,186.96,Escaneo Jerárquico...,NINGUNA,53.2,100.0,0.48,MID,32.5,48.6,87.2,0.90,MID,17.3,62.1,10.0,2.44,MID,+0.0000%
2025-11-27 16:52:23,186.99,Escaneo Jerárquico...,NINGUNA,54.5,100.0,0.48,MID,32.5,49.3,90.4,0.90,MID,17.3,62.4,10.8,2.44,MID,-0.0214%
2025-11-27 16:52:39,187.02,Escaneo Jerárquico...,NINGUNA,55.7,100.0,0.49,MID,32.5,50.0,93.5,0.90,MID,17.3,62.6,11.6,2.45,MID,+0.0053%
2025-11-27 16:52:55,187.02,Escaneo Jerárquico...,NINGUNA,55.7,100.0,0.49,MID,32.5,50.0,93.5,0.90,MID,17.3,62.6,11.6,2.45,MID,+0.0000%
2025-11-27 16:53:11,186.91,Escaneo Jerárquico...,NINGUNA,50.9,100.0,0.49,MID,32.5,47.4,81.7,0.91,MID,17.3,61.4,7.8,2.43,MID,-0.0642%
2025-11-27 16:53:27,186.93,Escaneo Jerárquico...,NINGUNA,51.9,100.0,0.49,MID,32.5,47.9,83.9,0.91,MID,17.3,61.7,8.7,2.44,MID,+0.0107%
2025-11-27 16:53:44,186.97,Escaneo Jerárquico...,NINGUNA,53.6,100.0,0.48,MID,32.5,48.8,88.3,0.90,MID,17.3,62.2,10.2,2.44,MID,+0.0160%
2025-11-27 16:53:59,186.96,Escaneo Jerárquico...,NINGUNA,56.6,72.2,0.44,MID,36.7,48.6,87.2,0.90,MID,34.9,62.1,10.0,2.44,MID,-0.0053%
2025-11-27 16:54:15,187.00,Escaneo Jerárquico...,NINGUNA,58.9,80.7,0.44,MID,36.7,49.5,91.5,0.90,MID,34.9,62.5,11.0,2.44,MID,+0.0160%
2025-11-27 16:54:31,186.97,Escaneo Jerárquico...,NINGUNA,57.1,74.2,0.44,MID,36.7,48.8,88.3,0.90,MID,34.9,62.2,10.2,2.44,MID,-0.0107%
2025-11-27 16:54:47,186.91,Escaneo Jerárquico...,NINGUNA,53.8,62.5,0.44,MID,36.7,47.4,81.7,0.91,MID,34.9,61.4,7.8,2.43,MID,-0.0321%
2025-11-27 16:55:03,186.92,Escaneo Jerárquico...,NINGUNA,54.4,64.3,0.44,MID,36.7,47.6,82.8,0.91,MID,34.9,61.5,8.2,2.43,MID,+0.0000%
2025-11-27 16:55:18,186.84,Escaneo Jerárquico...,NINGUNA,50.5,50.3,0.45,MID,36.7,45.7,74.1,0.92,MID,34.9,60.4,4.8,2.43,MID,-0.0214%
2025-11-27 16:55:34,186.75,Escaneo Jerárquico...,NINGUNA,46.7,36.8,0.48,MID,36.7,43.8,65.5,0.94,MID,34.9,59.1,1.2,2.42,MID,-0.0321%
2025-11-27 16:55:51,186.76,Escaneo Jerárquico...,NINGUNA,47.1,38.2,0.48,MID,36.7,44.0,66.4,0.94,MID,34.9,59.3,1.6,2.42,MID,-0.0054%
2025-11-27 16:56:08,186.75,Escaneo Jerárquico...,NINGUNA,39.6,11.6,0.36,MID,46.9,51.3,99.3,0.86,MID,10.5,59.1,1.2,2.42,MID,-0.0054%
2025-11-27 16:56:24,186.76,Escaneo Jerárquico...,NINGUNA,40.0,13.0,0.36,MID,46.9,51.5,100.0,0.85,MID,10.5,59.3,1.6,2.42,MID,+0.0107%
2025-11-27 16:56:39,186.77,Escaneo Jerárquico...,NINGUNA,40.4,14.4,0.35,MID,46.9,51.8,100.0,0.85,MID,10.5,59.4,2.0,2.42,MID,+0.0000%
2025-11-27 16:56:55,186.75,Escaneo Jerárquico...,NINGUNA,39.6,11.6,0.36,MID,46.9,51.3,99.3,0.86,MID,10.5,59.1,1.2,2.42,MID,-0.0107%
2025-11-27 16:57:11,186.79,Escaneo Jerárquico...,NINGUNA,41.2,17.2,0.35,MID,46.9,52.4,100.0,0.85,MID,10.5,59.7,2.8,2.42,MID,+0.0161%
2025-11-27 16:57:27,186.79,Escaneo Jerárquico...,NINGUNA,38.5,11.9,0.38,MID,15.9,52.4,100.0,0.85,MID,23.9,59.7,2.8,2.42,MID,-0.0054%
2025-11-27 16:57:43,186.79,Escaneo Jerárquico...,NINGUNA,38.5,11.9,0.38,MID,15.9,52.4,100.0,0.85,MID,23.9,59.7,2.8,2.42,MID,+0.0000%
2025-11-27 16:57:58,186.78,Escaneo Jerárquico...,NINGUNA,37.9,9.7,0.38,MID,15.9,52.1,100.0,0.85,MID,23.9,59.5,2.4,2.42,MID,+0.0000%
2025-11-27 16:58:14,186.83,Escaneo Jerárquico...,NINGUNA,41.0,20.3,0.37,MID,15.9,53.5,100.0,0.84,MID,23.9,60.2,4.4,2.43,MID,+0.0268%
2025-11-27 16:58:30,186.84,Escaneo Jerárquico...,NINGUNA,41.6,22.3,0.37,MID,15.9,53.8,100.0,0.84,MID,23.9,60.4,4.8,2.43,MID,+0.0000%
2025-11-27 16:58:47,186.76,Escaneo Jerárquico...,NINGUNA,36.6,5.1,0.39,MID,15.9,51.5,100.0,0.85,MID,23.9,59.3,1.6,2.42,MID,-0.0214%
2025-11-27 16:59:02,186.79,Escaneo Jerárquico...,NINGUNA,38.5,11.9,0.38,MID,15.9,52.4,100.0,0.85,MID,23.9,59.7,2.8,2.42,MID,+0.0107%
2025-11-27 16:59:18,186.79,Escaneo Jerárquico...,NINGUNA,38.5,11.9,0.38,MID,15.9,52.4,100.0,0.85,MID,23.9,59.7,2.8,2.42,MID,+0.0000%
2025-11-27 16:59:35,186.79,Escaneo Jerárquico...,NINGUNA,44.6,32.5,0.38,MID,8.1,52.4,100.0,0.85,MID,33.3,59.7,2.8,2.42,MID,+0.0054%
2025-11-27 16:59:50,186.83,Escaneo Jerárquico...,NINGUNA,47.1,41.2,0.37,MID,8.1,53.5,100.0,0.84,MID,33.3,60.2,4.4,2.43,MID,-0.0054%
2025-11-27 17:00:06,186.82,Escaneo Jerárquico...,NINGUNA,46.5,39.1,0.37,MID,8.1,53.2,100.0,0.84,MID,33.3,60.1,4.0,2.43,MID,+0.0000%
2025-11-27 17:00:21,186.78,Escaneo Jerárquico...,NINGUNA,44.0,30.7,0.38,MID,8.1,52.1,100.0,0.85,MID,33.3,59.5,2.4,2.42,MID,-0.0054%
2025-11-27 17:00:38,186.80,Escaneo Jerárquico...,NINGUNA,45.2,34.8,0.38,MID,8.1,52.6,100.0,0.84,MID,33.3,59.8,3.2,2.42,MID,-0.0161%
2025-11-27 17:00:55,186.78,Escaneo Jerárquico...,NINGUNA,44.0,30.7,0.38,MID,8.1,52.1,100.0,0.85,MID,33.3,59.5,2.4,2.42,MID,-0.0054%
2025-11-27 17:01:12,186.74,Escaneo Jerárquico...,NINGUNA,42.0,23.9,0.39,MID,8.1,51.0,98.1,0.86,MID,33.3,59.0,0.8,2.42,MID,-0.0107%
2025-11-27 17:01:27,186.69,Escaneo Jerárquico...,NINGUNA,28.9,0.0,0.43,MID,14.4,45.4,67.5,0.83,MID,12.4,56.8,0.0,2.22,MID,-0.0107%
2025-11-27 17:01:44,186.68,Escaneo Jerárquico...,NINGUNA,28.6,0.0,0.43,MID,14.4,45.2,66.5,0.84,MID,12.4,56.6,0.0,2.22,MID,-0.0054%
2025-11-27 17:02:01,186.76,Escaneo Jerárquico...,NINGUNA,31.9,0.0,0.40,MID,14.4,47.2,75.0,0.81,MID,12.4,57.7,0.0,2.22,MID,+0.0429%
2025-11-27 17:02:16,186.71,Escaneo Jerárquico...,NINGUNA,29.7,0.0,0.42,MID,14.4,45.9,69.6,0.83,MID,12.4,57.0,0.0,2.22,MID,-0.0161%
2025-11-27 17:02:32,186.67,Escaneo Jerárquico...,NINGUNA,28.2,0.0,0.43,MID,14.4,44.9,65.5,0.84,MID,12.4,56.5,0.0,2.22,MID,+0.0000%
2025-11-27 17:02:49,186.67,Escaneo Jerárquico...,NINGUNA,28.2,0.0,0.43,MID,14.4,44.9,65.5,0.84,MID,12.4,56.5,0.0,2.22,MID,+0.0000%
2025-11-27 17:03:05,186.73,Escaneo Jerárquico...,NINGUNA,30.6,0.0,0.41,MID,14.4,46.4,71.7,0.82,MID,12.4,57.3,0.0,2.22,MID,+0.0000%
2025-11-27 17:03:20,186.69,Escaneo Jerárquico...,NINGUNA,28.9,0.0,0.43,MID,14.4,45.4,67.5,0.83,MID,12.4,56.8,0.0,2.22,MID,-0.0161%
2025-11-27 17:03:36,186.67,Escaneo Jerárquico...,NINGUNA,34.4,10.2,0.42,MID,22.1,44.9,65.5,0.84,MID,38.8,56.5,0.0,2.22,MID,+0.0000%
2025-11-27 17:03:53,186.74,Escaneo Jerárquico...,NINGUNA,39.3,25.0,0.40,MID,22.1,46.7,72.8,0.82,MID,38.8,57.4,0.0,2.22,MID,+0.0375%
2025-11-27 17:04:08,186.73,Escaneo Jerárquico...,NINGUNA,38.3,22.0,0.40,MID,22.1,46.4,71.7,0.82,MID,38.8,57.3,0.0,2.22,MID,-0.0107%
2025-11-27 17:04:24,186.66,Escaneo Jerárquico...,NINGUNA,33.8,8.6,0.42,MID,22.1,44.7,64.5,0.84,MID,38.8,56.4,0.0,2.22,MID,-0.0214%
2025-11-27 17:04:42,186.66,Escaneo Jerárquico...,NINGUNA,33.8,8.6,0.42,MID,22.1,44.7,64.5,0.84,MID,38.8,56.4,0.0,2.22,MID,+0.0000%
2025-11-27 17:04:57,186.68,Escaneo Jerárquico...,NINGUNA,34.9,11.8,0.41,MID,22.1,45.2,66.5,0.84,MID,38.8,56.6,0.0,2.22,MID,+0.0107%
2025-11-27 17:05:12,186.67,Escaneo Jerárquico...,NINGUNA,34.4,10.2,0.42,MID,22.1,44.9,65.5,0.84,MID,38.8,56.5,0.0,2.22,MID,-0.0107%
2025-11-27 17:05:28,186.69,Escaneo Jerárquico...,NINGUNA,24.5,0.0,0.43,MID,11.0,48.6,77.6,0.87,MID,2.2,56.8,0.0,2.22,MID,-0.0107%
2025-11-27 17:05:44,186.66,Escaneo Jerárquico...,NINGUNA,23.2,0.0,0.44,MID,11.0,47.7,73.6,0.87,MID,2.2,56.4,0.0,2.22,MID,+0.0000%
2025-11-27 17:06:01,186.66,Escaneo Jerárquico...,NINGUNA,23.2,0.0,0.44,MID,11.0,47.7,73.6,0.87,MID,2.2,56.4,0.0,2.22,MID,+0.0000%
2025-11-27 17:06:16,186.66,Escaneo Jerárquico...,NINGUNA,23.2,0.0,0.44,MID,11.0,47.7,73.6,0.87,MID,2.2,56.4,0.0,2.22,MID,+0.0000%
2025-11-27 17:06:31,186.65,Escaneo Jerárquico...,NINGUNA,22.8,0.0,0.45,MID,11.0,47.5,72.3,0.88,MID,2.2,56.3,0.0,2.22,MID,-0.0054%
2025-11-27 17:06:48,186.64,Escaneo Jerárquico...,NINGUNA,22.4,0.0,0.45,MID,11.0,47.2,71.0,0.88,MID,2.2,56.1,0.0,2.22,MID,+0.0000%
2025-11-27 17:07:04,186.63,Escaneo Jerárquico...,NINGUNA,22.0,0.0,0.45,MID,11.0,46.9,69.7,0.88,MID,2.2,56.0,0.0,2.22,MID,-0.0054%
2025-11-27 17:07:19,186.61,Escaneo Jerárquico...,NINGUNA,12.5,3.2,0.48,MID,14.3,46.4,67.2,0.89,MID,16.2,55.7,0.0,2.22,MID,-0.0054%
2025-11-27 17:07:35,186.54,Escaneo Jerárquico...,NINGUNA,10.9,0.0,0.51,LOWER,14.3,44.7,58.8,0.91,MID,16.2,54.9,0.0,2.22,MID,+0.0000%
2025-11-27 17:07:50,186.57,Escaneo Jerárquico...,NINGUNA,11.5,0.6,0.50,MID,14.3,45.4,62.3,0.90,MID,16.2,55.2,0.0,2.22,MID,+0.0000%
2025-11-27 17:08:05,186.58,Escaneo Jerárquico...,NINGUNA,11.8,1.2,0.49,MID,14.3,45.7,63.5,0.90,MID,16.2,55.4,0.0,2.22,MID,+0.0054%
2025-11-27 17:08:21,186.63,Escaneo Jerárquico...,NINGUNA,14.6,8.9,0.48,MID,14.3,46.9,69.7,0.88,MID,16.2,56.0,0.0,2.22,MID,+0.0214%
2025-11-27 17:08:38,186.67,Escaneo Jerárquico...,NINGUNA,21.2,27.0,0.47,MID,14.3,48.0,74.9,0.87,MID,16.2,56.5,0.0,2.22,MID,-0.0054%
2025-11-27 17:08:55,186.67,Escaneo Jerárquico...,NINGUNA,21.2,27.0,0.47,MID,14.3,48.0,74.9,0.87,MID,16.2,56.5,0.0,2.22,MID,+0.0054%
2025-11-27 17:09:10,186.73,Escaneo Jerárquico...,NINGUNA,29.3,49.3,0.45,MID,14.3,49.7,83.2,0.86,MID,16.2,57.3,0.0,2.22,MID,+0.0375%
2025-11-27 17:09:27,186.69,Escaneo Jerárquico...,NINGUNA,24.1,35.0,0.46,MID,14.3,48.6,77.6,0.87,MID,16.2,56.8,0.0,2.22,MID,-0.0428%
2025-11-27 17:09:43,186.69,Escaneo Jerárquico...,NINGUNA,41.5,85.7,0.50,MID,47.8,48.6,77.6,0.87,MID,39.8,56.8,0.0,2.22,MID,+0.0000%
2025-11-27 17:09:58,186.62,Escaneo Jerárquico...,NINGUNA,33.3,62.6,0.52,MID,47.8,46.7,68.4,0.89,MID,39.8,55.9,0.0,2.22,MID,-0.0214%
2025-11-27 17:10:14,186.76,Escaneo Jerárquico...,NINGUNA,50.0,100.0,0.49,MID,47.8,50.6,87.3,0.85,MID,39.8,57.7,0.0,2.22,MID,+0.0482%
2025-11-27 17:10:30,186.69,Escaneo Jerárquico...,NINGUNA,41.5,85.7,0.50,MID,47.8,48.6,77.6,0.87,MID,39.8,56.8,0.0,2.22,MID,-0.0107%
2025-11-27 17:10:46,186.68,Escaneo Jerárquico...,NINGUNA,40.0,81.5,0.50,MID,47.8,48.3,76.2,0.87,MID,39.8,56.6,0.0,2.22,MID,-0.0054%
2025-11-27 17:11:02,186.67,Escaneo Jerárquico...,NINGUNA,38.5,77.1,0.50,MID,47.8,48.0,74.9,0.87,MID,39.8,56.5,0.0,2.22,MID,-0.0054%
2025-11-27 17:11:18,186.64,Escaneo Jerárquico...,NINGUNA,35.0,67.3,0.51,MID,47.8,47.2,71.0,0.88,MID,39.8,56.1,0.0,2.22,MID,-0.0214%
2025-11-27 17:11:34,186.99,Escaneo Jerárquico...,NINGUNA,65.2,100.0,0.50,MID,22.2,54.5,100.0,0.87,MID,8.2,60.2,4.3,2.24,MID,+0.0000%
2025-11-27 17:11:50,187.01,Escaneo Jerárquico...,NINGUNA,66.2,100.0,0.51,MID,22.2,55.0,100.0,0.87,MID,8.2,60.4,4.8,2.24,MID,+0.0214%
2025-11-27 17:12:07,187.00,Escaneo Jerárquico...,NINGUNA,65.7,100.0,0.50,MID,22.2,54.7,100.0,0.87,MID,8.2,60.3,4.6,2.24,MID,+0.0053%
2025-11-27 17:12:22,187.03,Escaneo Jerárquico...,NINGUNA,67.1,100.0,0.52,UPPER,22.2,55.4,100.0,0.87,MID,8.2,60.6,5.4,2.24,MID,+0.0214%
2025-11-27 17:12:37,186.99,Escaneo Jerárquico...,NINGUNA,65.2,100.0,0.50,MID,22.2,54.5,100.0,0.87,MID,8.2,60.2,4.3,2.24,MID,-0.0160%
2025-11-27 17:12:55,187.02,Escaneo Jerárquico...,NINGUNA,66.7,100.0,0.51,MID,22.2,55.2,100.0,0.87,MID,8.2,60.5,5.1,2.24,MID,+0.0160%
2025-11-27 17:13:10,187.08,Escaneo Jerárquico...,NINGUNA,69.2,100.0,0.54,UPPER,22.2,56.5,100.0,0.88,MID,8.2,61.0,6.7,2.25,MID,+0.0267%
2025-11-27 17:13:27,187.07,Escaneo Jerárquico...,NINGUNA,68.8,100.0,0.53,UPPER,22.2,56.2,100.0,0.87,MID,8.2,60.9,6.4,2.25,MID,+0.0000%
2025-11-27 17:13:44,187.15,Escaneo Jerárquico...,NINGUNA,70.4,100.0,0.58,UPPER,19.4,57.9,100.0,0.89,MID,23.5,61.6,8.5,2.26,MID,+0.0160%
2025-11-27 17:13:59,187.21,Escaneo Jerárquico...,NINGUNA,72.4,100.0,0.62,UPPER,19.4,59.0,100.0,0.90,MID,23.5,62.1,10.0,2.27,MID,+0.0267%
2025-11-27 17:14:15,187.22,Escaneo Jerárquico...,NINGUNA,72.7,100.0,0.62,UPPER,19.4,59.2,100.0,0.90,MID,23.5,62.2,10.2,2.27,MID,-0.0107%
2025-11-27 17:14:31,187.21,Escaneo Jerárquico...,NINGUNA,72.4,100.0,0.62,UPPER,19.4,59.0,100.0,0.90,MID,23.5,62.1,10.0,2.27,MID,-0.0053%
2025-11-27 17:14:48,187.22,Escaneo Jerárquico...,NINGUNA,72.7,100.0,0.62,UPPER,19.4,59.2,100.0,0.90,MID,23.5,62.2,10.2,2.27,MID,+0.0053%
2025-11-27 17:15:04,187.20,Escaneo Jerárquico...,NINGUNA,72.1,100.0,0.61,UPPER,19.4,58.8,100.0,0.89,MID,23.5,62.0,9.7,2.27,MID,-0.0107%
2025-11-27 17:15:19,187.18,Escaneo Jerárquico...,NINGUNA,71.4,100.0,0.60,UPPER,19.4,58.4,100.0,0.89,MID,23.5,61.9,9.2,2.27,MID,-0.0053%
2025-11-27 17:15:35,187.21,Escaneo Jerárquico...,NINGUNA,77.0,100.0,0.82,MID,8.4,47.4,29.3,0.92,MID,1.5,60.0,3.7,2.19,MID,+0.0107%
2025-11-27 17:15:50,187.19,Escaneo Jerárquico...,NINGUNA,75.9,100.0,0.81,MID,8.4,46.8,25.7,0.91,MID,1.5,59.8,3.1,2.19,MID,+0.0053%
2025-11-27 17:16:06,187.12,Escaneo Jerárquico...,NINGUNA,70.2,92.5,0.79,MID,8.4,45.0,14.5,0.90,MID,1.5,58.8,0.2,2.18,MID,+0.0000%
2025-11-27 17:16:23,187.12,Escaneo Jerárquico...,NINGUNA,70.2,92.5,0.79,MID,8.4,45.0,14.5,0.90,MID,1.5,58.8,0.2,2.18,MID,+0.0000%
2025-11-27 17:16:40,187.21,Escaneo Jerárquico...,NINGUNA,77.0,100.0,0.82,MID,8.4,47.4,29.3,0.92,MID,1.5,60.0,3.7,2.19,MID,+0.0267%
2025-11-27 17:16:55,187.34,Escaneo Jerárquico...,NINGUNA,80.0,100.0,0.88,UPPER,8.4,51.1,52.1,0.95,MID,1.5,61.2,7.2,2.22,MID,+0.0534%
2025-11-27 17:17:11,187.42,Escaneo Jerárquico...,NINGUNA,80.7,100.0,1.08,UPPER,7.3,53.1,64.5,0.98,MID,19.9,61.9,9.2,2.23,MID,+0.0160%
2025-11-27 17:17:26,187.58,Escaneo Jerárquico...,NINGUNA,83.1,100.0,1.15,UPPER,7.3,56.7,86.7,1.04,UPPER,19.9,63.2,13.1,2.28,MID,+0.0267%
2025-11-27 17:17:42,187.58,Escaneo Jerárquico...,NINGUNA,83.1,100.0,1.15,UPPER,7.3,56.7,86.7,1.04,UPPER,19.9,63.2,13.1,2.28,MID,+0.0320%
2025-11-27 17:17:58,187.58,Escaneo Jerárquico...,NINGUNA,83.1,100.0,1.15,UPPER,7.3,56.7,86.7,1.04,UPPER,19.9,63.2,13.1,2.28,MID,+0.0000%
2025-11-27 17:18:14,187.57,Escaneo Jerárquico...,NINGUNA,82.9,100.0,1.15,UPPER,7.3,56.5,85.4,1.04,UPPER,19.9,63.1,12.9,2.27,MID,+0.0000%
2025-11-27 17:18:29,187.58,Escaneo Jerárquico...,NINGUNA,83.1,100.0,1.15,UPPER,7.3,56.7,86.7,1.04,UPPER,19.9,63.2,13.1,2.28,MID,-0.0213%
2025-11-27 17:18:47,187.61,Escaneo Jerárquico...,NINGUNA,83.5,100.0,1.17,UPPER,7.3,57.3,90.4,1.06,UPPER,19.9,63.4,13.8,2.29,MID,+0.0107%
2025-11-27 17:19:04,187.63,Escaneo Jerárquico...,NINGUNA,87.6,100.0,1.45,MID,1.9,57.7,92.9,1.07,UPPER,36.0,63.6,14.3,2.29,MID,+0.0213%
2025-11-27 17:19:20,187.64,Escaneo Jerárquico...,NINGUNA,87.7,100.0,1.45,MID,1.9,57.9,94.1,1.07,UPPER,36.0,63.6,14.5,2.29,MID,+0.0000%
2025-11-27 17:19:38,187.65,Escaneo Jerárquico...,NINGUNA,87.8,100.0,1.46,MID,1.9,58.1,95.3,1.08,UPPER,36.0,63.7,14.7,2.30,MID,+0.0000%
2025-11-27 17:19:54,187.66,Escaneo Jerárquico...,NINGUNA,87.9,100.0,1.46,MID,1.9,58.3,96.5,1.08,UPPER,36.0,63.8,14.9,2.30,MID,+0.0000%
2025-11-27 17:20:10,187.69,Escaneo Jerárquico...,NINGUNA,88.1,100.0,1.47,MID,1.9,58.8,100.0,1.10,UPPER,36.0,64.0,15.6,2.31,MID,+0.0053%
2025-11-27 17:20:27,187.70,Escaneo Jerárquico...,NINGUNA,88.2,100.0,1.48,MID,1.9,59.0,100.0,1.10,UPPER,36.0,64.1,15.8,2.31,MID,+0.0053%
2025-11-27 17:20:44,187.70,Escaneo Jerárquico...,NINGUNA,88.2,100.0,1.48,MID,1.9,59.0,100.0,1.10,UPPER,36.0,64.1,15.8,2.31,MID,+0.0000%
2025-11-27 17:20:59,187.72,Escaneo Jerárquico...,NINGUNA,88.4,100.0,1.49,UPPER,1.9,59.4,100.0,1.11,UPPER,36.0,64.2,16.3,2.32,MID,+0.0000%
2025-11-27 17:21:16,187.76,Escaneo Jerárquico...,NINGUNA,88.7,100.0,1.50,UPPER,1.9,60.1,100.0,1.14,UPPER,36.0,64.5,17.1,2.33,MID,+0.0107%
2025-11-27 17:21:32,187.72,Escaneo Jerárquico...,NINGUNA,92.5,100.0,1.70,MID,25.3,59.0,100.0,1.26,UPPER,10.7,64.2,16.3,2.32,MID,-0.0107%
2025-11-27 17:21:48,187.72,Escaneo Jerárquico...,NINGUNA,92.5,100.0,1.70,MID,25.3,59.0,100.0,1.26,UPPER,10.7,64.2,16.3,2.32,MID,-0.0107%
2025-11-27 17:22:04,187.71,Escaneo Jerárquico...,NINGUNA,91.9,100.0,1.70,MID,25.3,58.8,100.0,1.26,UPPER,10.7,64.2,16.0,2.32,MID,+0.0053%
2025-11-27 17:22:20,187.66,Escaneo Jerárquico...,NINGUNA,88.6,96.0,1.68,MID,25.3,57.7,93.2,1.24,MID,10.7,63.8,14.9,2.30,MID,+0.0107%
2025-11-27 17:22:37,187.68,Escaneo Jerárquico...,NINGUNA,89.9,98.0,1.69,MID,25.3,58.3,96.5,1.25,UPPER,10.7,63.9,15.4,2.31,MID,+0.0107%
2025-11-27 17:22:53,187.65,Escaneo Jerárquico...,NINGUNA,87.9,95.0,1.68,MID,25.3,57.5,91.6,1.23,MID,10.7,63.7,14.7,2.30,MID,-0.0160%
2025-11-27 17:23:08,187.69,Escaneo Jerárquico...,NINGUNA,89.9,97.6,1.75,MID,53.5,58.4,97.7,1.25,UPPER,25.1,64.0,15.6,2.31,MID,+0.0213%
2025-11-27 17:23:23,187.75,Escaneo Jerárquico...,NINGUNA,90.4,98.5,1.76,MID,53.5,59.6,100.0,1.28,UPPER,25.1,64.5,16.9,2.33,MID,+0.0266%
2025-11-27 17:23:40,187.72,Escaneo Jerárquico...,NINGUNA,90.2,98.1,1.76,MID,53.5,59.0,100.0,1.26,UPPER,25.1,64.2,16.3,2.32,MID,+0.0000%
2025-11-27 17:23:57,187.68,Escaneo Jerárquico...,NINGUNA,89.2,96.3,1.74,MID,53.5,58.3,96.5,1.25,UPPER,25.1,63.9,15.4,2.31,MID,-0.0160%
2025-11-27 17:24:14,187.69,Escaneo Jerárquico...,NINGUNA,89.9,97.6,1.75,MID,53.5,58.4,97.7,1.25,UPPER,25.1,64.0,15.6,2.31,MID,-0.0107%
2025-11-27 17:24:29,187.60,Escaneo Jerárquico...,NINGUNA,84.1,86.5,1.72,MID,53.5,56.2,83.7,1.21,MID,25.1,63.3,13.6,2.28,MID,-0.0852%
2025-11-27 17:24:45,187.63,Escaneo Jerárquico...,NINGUNA,84.8,75.4,1.76,MID,32.5,57.0,88.4,1.23,MID,44.5,63.6,14.3,2.29,MID,+0.0160%
2025-11-27 17:25:01,187.55,Escaneo Jerárquico...,NINGUNA,80.1,57.5,1.75,MID,32.5,55.0,76.2,1.19,MID,44.5,62.9,12.4,2.27,MID,-0.0160%
2025-11-27 17:25:18,187.58,Escaneo Jerárquico...,NINGUNA,81.8,63.9,1.75,MID,32.5,55.7,80.7,1.21,MID,44.5,63.2,13.1,2.28,MID,+0.0427%
2025-11-27 17:25:34,187.58,Escaneo Jerárquico...,NINGUNA,81.8,63.9,1.75,MID,32.5,55.7,80.7,1.21,MID,44.5,63.2,13.1,2.28,MID,-0.0053%
2025-11-27 17:25:49,187.61,Escaneo Jerárquico...,NINGUNA,83.6,70.7,1.76,MID,32.5,56.4,85.3,1.22,MID,44.5,63.4,13.8,2.29,MID,+0.0160%
2025-11-27 17:26:06,187.68,Escaneo Jerárquico...,NINGUNA,88.0,87.6,1.77,MID,32.5,58.3,96.5,1.25,UPPER,44.5,63.9,15.4,2.31,MID,+0.0213%
2025-11-27 17:26:23,187.66,Escaneo Jerárquico...,NINGUNA,86.7,82.6,1.77,MID,32.5,57.7,93.2,1.24,MID,44.5,63.8,14.9,2.30,MID,+0.0000%
2025-11-27 17:26:41,187.63,Escaneo Jerárquico...,NINGUNA,84.8,75.4,1.76,MID,32.5,57.0,88.4,1.23,MID,44.5,63.6,14.3,2.29,MID,-0.0266%
2025-11-27 17:26:56,187.63,Escaneo Jerárquico...,NINGUNA,73.6,1.5,1.63,MID,44.5,55.1,76.9,1.25,MID,19.7,63.6,14.3,2.29,MID,+0.0160%
2025-11-27 17:27:12,187.54,Escaneo Jerárquico...,NINGUNA,68.7,0.0,1.62,MID,44.5,53.3,65.9,1.22,MID,19.7,62.9,12.2,2.27,MID,+0.0000%
2025-11-27 17:27:29,187.50,Escaneo Jerárquico...,NINGUNA,66.7,0.0,1.61,MID,44.5,52.4,60.3,1.21,MID,19.7,62.5,11.2,2.25,MID,+0.0267%
2025-11-27 17:27:46,187.45,Escaneo Jerárquico...,NINGUNA,64.3,0.0,1.61,MID,44.5,51.3,53.3,1.20,MID,19.7,62.1,10.0,2.24,MID,-0.0053%
2025-11-27 17:28:02,187.38,Escaneo Jerárquico...,NINGUNA,61.3,0.0,1.60,MID,44.5,49.8,44.1,1.18,MID,19.7,61.5,8.2,2.22,MID,-0.0373%
2025-11-27 17:28:17,187.35,Escaneo Jerárquico...,NINGUNA,60.1,0.0,1.60,MID,44.5,49.2,40.3,1.17,MID,19.7,61.3,7.5,2.22,MID,-0.0107%
2025-11-27 17:28:33,187.37,Escaneo Jerárquico...,NINGUNA,56.7,3.7,1.32,MID,20.4,49.6,42.9,1.18,MID,40.2,61.4,8.0,2.22,MID,+0.0107%
2025-11-27 17:28:48,187.44,Escaneo Jerárquico...,NINGUNA,59.1,10.4,1.33,MID,20.4,51.1,52.0,1.20,MID,40.2,62.0,9.7,2.24,MID,+0.0000%
2025-11-27 17:29:04,187.48,Escaneo Jerárquico...,NINGUNA,60.3,13.7,1.33,MID,20.4,51.9,57.5,1.21,MID,40.2,62.4,10.7,2.25,MID,+0.0053%
2025-11-27 17:29:20,187.46,Escaneo Jerárquico...,NINGUNA,59.7,12.1,1.33,MID,20.4,51.5,54.7,1.20,MID,40.2,62.2,10.2,2.24,MID,+0.0000%
2025-11-27 17:29:35,187.42,Escaneo Jerárquico...,NINGUNA,58.5,8.6,1.32,MID,20.4,50.6,49.3,1.19,MID,40.2,61.9,9.2,2.23,MID,+0.0000%
2025-11-27 17:29:51,187.42,Escaneo Jerárquico...,NINGUNA,58.5,8.6,1.32,MID,20.4,50.6,49.3,1.19,MID,40.2,61.9,9.2,2.23,MID,+0.0000%
2025-11-27 17:30:07,187.44,Escaneo Jerárquico...,NINGUNA,59.1,10.4,1.33,MID,20.4,51.1,52.0,1.20,MID,40.2,62.0,9.7,2.24,MID,+0.0053%
2025-11-27 17:30:23,187.43,Escaneo Jerárquico...,NINGUNA,58.8,9.5,1.32,MID,20.4,50.8,50.7,1.19,MID,40.2,61.9,9.5,2.24,MID,-0.0053%
2025-11-27 17:30:40,187.42,Escaneo Jerárquico...,NINGUNA,50.9,0.0,0.91,MID,41.4,55.8,81.0,1.21,MID,7.7,61.0,8.0,2.16,MID,+0.0000%
2025-11-27 17:30:57,187.41,Escaneo Jerárquico...,NINGUNA,50.4,0.0,0.91,MID,41.4,55.6,79.8,1.21,MID,7.7,60.9,7.7,2.16,MID,+0.0000%
2025-11-27 17:36:26,187.31,Escaneo Jerárquico...,NINGUNA,33.6,14.6,0.62,MID,10.0,53.6,64.6,1.15,MID,11.3,59.6,2.9,2.14,MID,+0.0000%
2025-11-27 17:36:41,187.33,Escaneo Jerárquico...,NINGUNA,34.3,15.6,0.61,MID,10.0,54.0,67.2,1.15,MID,11.3,59.8,3.8,2.14,MID,+0.0107%
2025-11-27 17:36:58,187.39,Escaneo Jerárquico...,NINGUNA,34.4,10.2,0.57,MID,23.1,55.6,77.8,1.17,MID,14.4,60.6,6.7,2.16,MID,+0.0320%
2025-11-27 17:37:14,187.40,Escaneo Jerárquico...,NINGUNA,35.2,11.4,0.57,MID,23.1,55.8,79.1,1.17,MID,14.4,60.8,7.2,2.16,MID,+0.0053%
2025-11-27 17:37:29,187.41,Escaneo Jerárquico...,NINGUNA,35.9,12.6,0.57,MID,23.1,55.9,80.4,1.17,MID,14.4,60.9,7.7,2.16,MID,+0.0107%
2025-11-27 17:37:45,187.43,Escaneo Jerárquico...,NINGUNA,37.2,14.9,0.57,MID,23.1,56.3,83.0,1.18,MID,14.4,61.1,8.3,2.17,MID,+0.0000%
2025-11-27 17:38:02,187.38,Escaneo Jerárquico...,NINGUNA,34.1,9.6,0.58,MID,23.1,55.4,76.4,1.17,MID,14.4,60.5,6.2,2.15,MID,-0.0107%
2025-11-27 17:38:19,187.36,Escaneo Jerárquico...,NINGUNA,33.3,8.4,0.58,MID,23.1,55.0,73.7,1.17,MID,14.4,60.2,5.3,2.15,MID,+0.0160%
2025-11-27 17:38:35,187.39,Escaneo Jerárquico...,NINGUNA,34.4,10.2,0.57,MID,23.1,55.6,77.8,1.17,MID,14.4,60.6,6.7,2.16,MID,+0.0000%
2025-11-27 17:38:52,187.38,Escaneo Jerárquico...,NINGUNA,39.7,24.1,0.58,MID,13.4,55.4,76.4,1.17,MID,24.2,60.5,6.2,2.15,MID,+0.0000%
2025-11-27 17:39:07,187.41,Escaneo Jerárquico...,NINGUNA,42.1,29.1,0.58,MID,13.4,55.9,80.4,1.17,MID,24.2,60.9,7.7,2.16,MID,+0.0053%
2025-11-27 17:39:24,187.40,Escaneo Jerárquico...,NINGUNA,41.3,27.5,0.58,MID,13.4,55.8,79.1,1.17,MID,24.2,60.8,7.2,2.16,MID,-0.0053%
2025-11-27 17:39:40,187.45,Escaneo Jerárquico...,NINGUNA,45.0,35.2,0.57,MID,13.4,56.7,85.6,1.18,MID,24.2,61.3,8.9,2.17,MID,+0.0160%
2025-11-27 17:39:57,187.55,Escaneo Jerárquico...,NINGUNA,51.1,48.1,0.57,MID,13.4,58.5,97.8,1.21,MID,24.2,62.1,11.9,2.20,MID,+0.0373%
2025-11-27 17:40:13,187.66,Escaneo Jerárquico...,NINGUNA,56.4,59.3,0.59,MID,13.4,60.3,100.0,1.24,MID,24.2,63.0,15.0,2.23,MID,+0.0267%
2025-11-27 17:40:29,187.65,Escaneo Jerárquico...,NINGUNA,56.0,58.4,0.59,MID,13.4,60.2,100.0,1.24,MID,24.2,62.9,14.8,2.22,MID,-0.0053%
2025-11-27 17:40:45,187.58,Escaneo Jerárquico...,NINGUNA,52.6,76.8,0.52,MID,17.3,58.6,94.3,1.25,MID,4.1,62.4,12.8,2.20,MID,-0.0053%
2025-11-27 17:41:02,187.44,Escaneo Jerárquico...,NINGUNA,44.4,51.0,0.51,MID,17.3,55.5,74.0,1.21,MID,4.1,61.2,8.6,2.17,MID,-0.0587%
2025-11-27 17:41:17,187.38,Escaneo Jerárquico...,NINGUNA,41.7,42.2,0.51,MID,17.3,54.3,65.9,1.20,MID,4.1,60.5,6.2,2.15,MID,+0.0000%
2025-11-27 17:41:33,187.34,Escaneo Jerárquico...,NINGUNA,40.0,37.0,0.52,MID,17.3,53.5,60.8,1.20,MID,4.1,60.0,4.3,2.15,MID,-0.0053%
2025-11-27 17:41:48,187.37,Escaneo Jerárquico...,NINGUNA,41.2,40.9,0.52,MID,17.3,54.1,64.6,1.20,MID,4.1,60.4,5.7,2.15,MID,+0.0000%
2025-11-27 17:42:04,187.38,Escaneo Jerárquico...,NINGUNA,50.0,68.5,0.47,MID,17.6,54.3,65.9,1.20,MID,11.3,60.5,6.2,2.15,MID,+0.0000%
2025-11-27 17:42:22,187.30,Escaneo Jerárquico...,NINGUNA,45.5,54.2,0.49,MID,17.6,52.7,55.8,1.19,MID,11.3,59.4,2.4,2.14,MID,-0.0214%
2025-11-27 17:42:39,187.32,Escaneo Jerárquico...,NINGUNA,46.5,57.5,0.48,MID,17.6,53.1,58.2,1.20,MID,11.3,59.7,3.4,2.14,MID,+0.0107%
2025-11-27 17:42:54,187.36,Escaneo Jerárquico...,NINGUNA,48.8,64.7,0.47,MID,17.6,53.9,63.3,1.20,MID,11.3,60.2,5.3,2.15,MID,+0.0053%
2025-11-27 17:43:13,187.39,Escaneo Jerárquico...,NINGUNA,50.6,70.5,0.47,MID,17.6,54.5,67.3,1.20,MID,11.3,60.6,6.7,2.16,MID,+0.0053%
2025-11-27 17:43:28,187.39,Escaneo Jerárquico...,NINGUNA,48.5,93.0,0.36,MID,21.6,54.5,67.3,1.20,MID,24.4,60.6,6.7,2.16,MID,+0.0053%
2025-11-27 17:43:44,187.43,Escaneo Jerárquico...,NINGUNA,51.4,100.0,0.36,MID,21.6,55.3,72.6,1.21,MID,24.4,61.1,8.3,2.17,MID,+0.0213%
2025-11-27 17:44:00,187.33,Escaneo Jerárquico...,NINGUNA,44.4,74.4,0.37,MID,21.6,53.3,59.5,1.20,MID,24.4,59.8,3.8,2.14,MID,-0.0374%
2025-11-27 17:44:15,187.30,Escaneo Jerárquico...,NINGUNA,42.7,66.3,0.38,MID,21.6,52.7,55.8,1.19,MID,24.4,59.4,2.4,2.14,MID,+0.0000%
2025-11-27 17:44:31,187.29,Escaneo Jerárquico...,NINGUNA,42.1,63.7,0.38,MID,21.6,52.5,54.5,1.19,MID,24.4,59.3,2.0,2.14,MID,+0.0000%
2025-11-27 17:44:48,187.25,Escaneo Jerárquico...,NINGUNA,40.0,54.0,0.39,MID,21.6,51.8,49.7,1.19,MID,24.4,58.8,0.1,2.13,MID,-0.0160%
2025-11-27 17:45:04,187.25,Escaneo Jerárquico...,NINGUNA,40.0,54.0,0.39,MID,21.6,51.8,49.7,1.19,MID,24.4,58.8,0.1,2.13,MID,+0.0000%
2025-11-27 17:45:20,187.31,Escaneo Jerárquico...,NINGUNA,43.2,68.9,0.37,MID,21.6,52.9,57.0,1.19,MID,24.4,59.6,2.9,2.14,MID,+0.0053%
2025-11-27 17:45:35,187.31,Escaneo Jerárquico...,NINGUNA,44.7,75.6,0.33,MID,20.5,59.4,99.0,1.19,MID,4.8,63.9,18.1,2.09,MID,+0.0000%
2025-11-27 17:45:51,187.06,Escaneo Jerárquico...,NINGUNA,32.7,20.2,0.44,LOWER,20.5,54.3,62.9,1.19,MID,4.8,60.6,6.7,2.06,MID,-0.1335%
2025-11-27 17:46:07,187.13,Escaneo Jerárquico...,NINGUNA,35.2,31.8,0.40,LOWER,20.5,55.7,73.1,1.18,MID,4.8,61.6,10.1,2.06,MID,+0.0321%
2025-11-27 17:46:23,187.15,Escaneo Jerárquico...,NINGUNA,36.0,35.4,0.39,LOWER,20.5,56.2,76.2,1.18,MID,4.8,61.9,11.1,2.06,MID,+0.0053%
2025-11-27 17:46:38,187.14,Escaneo Jerárquico...,NINGUNA,35.6,33.6,0.39,LOWER,20.5,55.9,74.7,1.18,MID,4.8,61.8,10.6,2.06,MID,-0.0053%
2025-11-27 17:46:56,187.18,Escaneo Jerárquico...,NINGUNA,37.2,41.2,0.37,LOWER,20.5,56.8,80.8,1.18,MID,4.8,62.3,12.6,2.07,MID,+0.0160%
2025-11-27 17:47:14,187.24,Escaneo Jerárquico...,NINGUNA,40.0,54.0,0.35,MID,20.5,58.2,90.5,1.18,MID,4.8,63.2,15.7,2.08,MID,+0.0107%
2025-11-27 17:47:31,187.27,Escaneo Jerárquico...,NINGUNA,42.0,63.1,0.34,MID,20.5,58.7,94.4,1.19,MID,4.8,63.5,16.9,2.08,MID,+0.0000%
2025-11-27 17:47:46,187.29,Escaneo Jerárquico...,NINGUNA,43.4,69.5,0.33,MID,20.5,59.1,96.7,1.19,MID,4.8,63.7,17.5,2.08,MID,+0.0107%
2025-11-27 17:48:01,187.32,Escaneo Jerárquico...,NINGUNA,50.5,100.0,0.42,MID,26.7,59.5,100.0,1.19,MID,25.9,64.0,18.4,2.09,MID,+0.0160%
2025-11-27 17:48:18,187.33,Escaneo Jerárquico...,NINGUNA,50.9,100.0,0.42,MID,26.7,59.7,100.0,1.19,MID,25.9,64.0,18.7,2.09,MID,+0.0053%
2025-11-27 17:48:34,187.30,Escaneo Jerárquico...,NINGUNA,49.5,97.8,0.42,MID,26.7,59.2,97.9,1.19,MID,25.9,63.8,17.8,2.08,MID,+0.0000%
2025-11-27 17:48:50,187.27,Escaneo Jerárquico...,NINGUNA,48.0,91.0,0.43,MID,26.7,58.7,94.4,1.19,MID,25.9,63.5,16.9,2.08,MID,+0.0160%
2025-11-27 17:49:05,187.16,Escaneo Jerárquico...,NINGUNA,42.3,64.4,0.46,MID,26.7,56.4,77.7,1.18,MID,25.9,62.0,11.6,2.07,MID,+0.0107%
2025-11-27 17:49:21,187.09,Escaneo Jerárquico...,NINGUNA,39.4,51.3,0.48,LOWER,26.7,54.9,67.2,1.18,MID,25.9,61.0,8.1,2.06,MID,-0.0374%
2025-11-27 17:49:37,187.08,Escaneo Jerárquico...,NINGUNA,39.0,49.6,0.49,LOWER,26.7,54.7,65.7,1.18,MID,25.9,60.9,7.7,2.06,MID,-0.0053%
2025-11-27 17:49:53,187.01,Escaneo Jerárquico...,NINGUNA,35.4,15.7,0.53,LOWER,20.2,53.3,55.8,1.19,MID,35.5,60.0,4.3,2.05,MID,-0.0374%
2025-11-27 17:50:08,187.03,Escaneo Jerárquico...,NINGUNA,35.9,18.8,0.52,LOWER,20.2,53.7,58.6,1.19,MID,35.5,60.2,5.3,2.05,MID,-0.0267%
2025-11-27 17:50:25,187.00,Escaneo Jerárquico...,NINGUNA,35.1,14.1,0.54,LOWER,20.2,53.1,54.5,1.19,MID,35.5,59.8,3.8,2.05,MID,-0.0053%
2025-11-27 17:50:41,187.00,Escaneo Jerárquico...,NINGUNA,35.1,14.1,0.54,LOWER,20.2,53.1,54.5,1.19,MID,35.5,59.8,3.8,2.05,MID,-0.0053%
2025-11-27 17:50:57,186.94,Escaneo Jerárquico...,NINGUNA,33.6,5.5,0.57,LOWER,20.2,52.0,46.4,1.20,MID,35.5,59.0,1.1,2.05,MID,-0.0214%
2025-11-27 17:51:13,186.89,Escaneo Jerárquico...,NINGUNA,32.4,0.0,0.60,LOWER,20.2,51.0,40.0,1.21,MID,35.5,58.4,0.0,2.05,MID,+0.0000%
2025-11-27 17:51:30,186.87,Escaneo Jerárquico...,NINGUNA,31.9,0.0,0.61,LOWER,20.2,50.7,37.5,1.21,MID,35.5,58.1,0.0,2.05,MID,-0.0054%
2025-11-27 17:51:45,186.94,Escaneo Jerárquico...,NINGUNA,34.5,9.4,0.69,MID,30.2,49.6,29.9,1.19,MID,15.0,59.0,1.1,2.05,MID,+0.0428%
2025-11-27 17:52:01,186.92,Escaneo Jerárquico...,NINGUNA,33.6,4.1,0.70,LOWER,30.2,49.3,27.3,1.19,MID,15.0,58.8,0.1,2.05,MID,+0.0000%
2025-11-27 17:52:18,186.92,Escaneo Jerárquico...,NINGUNA,33.6,4.1,0.70,LOWER,30.2,49.3,27.3,1.19,MID,15.0,58.8,0.1,2.05,MID,+0.0161%
2025-11-27 17:52:35,186.93,Escaneo Jerárquico...,NINGUNA,34.0,6.7,0.69,LOWER,30.2,49.4,28.6,1.19,MID,15.0,58.9,0.6,2.05,MID,+0.0107%
2025-11-27 17:52:51,186.92,Escaneo Jerárquico...,NINGUNA,33.6,4.1,0.70,LOWER,30.2,49.3,27.3,1.19,MID,15.0,58.8,0.1,2.05,MID,-0.0160%
2025-11-27 17:53:08,186.94,Escaneo Jerárquico...,NINGUNA,34.5,9.4,0.69,MID,30.2,49.6,29.9,1.19,MID,15.0,59.0,1.1,2.05,MID,+0.0053%
2025-11-27 17:53:24,186.98,Escaneo Jerárquico...,NINGUNA,36.3,19.6,0.67,MID,30.2,50.4,35.3,1.18,MID,15.0,59.6,2.9,2.05,MID,+0.0107%
2025-11-27 17:53:41,186.98,Escaneo Jerárquico...,NINGUNA,24.4,0.0,0.80,MID,37.9,50.4,35.3,1.18,MID,37.2,59.6,2.9,2.05,MID,+0.0000%
2025-11-27 17:53:56,186.97,Escaneo Jerárquico...,NINGUNA,23.8,0.0,0.80,MID,37.9,50.2,33.9,1.18,MID,37.2,59.4,2.4,2.05,MID,-0.0053%
2025-11-27 17:54:12,186.99,Escaneo Jerárquico...,NINGUNA,25.0,0.0,0.79,MID,37.9,50.6,36.6,1.18,MID,37.2,59.7,3.4,2.05,MID,+0.0107%
2025-11-27 17:54:29,187.01,Escaneo Jerárquico...,NINGUNA,26.2,0.0,0.79,MID,37.9,51.0,39.4,1.18,MID,37.2,60.0,4.3,2.05,MID,+0.0053%
2025-11-27 17:54:45,186.97,Escaneo Jerárquico...,NINGUNA,23.8,0.0,0.80,MID,37.9,50.2,33.9,1.18,MID,37.2,59.4,2.4,2.05,MID,+0.0000%
2025-11-27 17:55:02,187.03,Escaneo Jerárquico...,NINGUNA,27.3,0.0,0.78,MID,37.9,51.4,42.1,1.18,MID,37.2,60.2,5.3,2.05,MID,+0.0160%
2025-11-27 17:55:18,187.03,Escaneo Jerárquico...,NINGUNA,27.3,0.0,0.78,MID,37.9,51.4,42.1,1.18,MID,37.2,60.2,5.3,2.05,MID,+0.0000%
2025-11-27 17:55:34,187.24,Escaneo Jerárquico...,NINGUNA,37.6,26.8,0.76,MID,37.9,55.2,69.3,1.18,MID,37.2,63.2,15.7,2.08,MID,+0.1123%
2025-11-27 17:55:49,187.18,Escaneo Jerárquico...,NINGUNA,41.7,67.0,0.80,MID,44.5,55.8,74.0,1.15,MID,7.9,62.3,12.6,2.07,MID,+0.0000%
2025-11-27 17:56:06,187.24,Escaneo Jerárquico...,NINGUNA,44.4,77.4,0.80,MID,44.5,56.8,81.0,1.16,MID,7.9,63.2,15.7,2.08,MID,+0.0160%
2025-11-27 17:56:23,187.15,Escaneo Jerárquico...,NINGUNA,40.2,61.4,0.80,MID,44.5,55.3,70.4,1.15,MID,7.9,61.9,11.1,2.06,MID,-0.0427%
2025-11-27 17:56:38,187.05,Escaneo Jerárquico...,NINGUNA,34.6,40.5,0.82,MID,44.5,53.6,57.9,1.16,MID,7.9,60.5,6.2,2.06,MID,-0.0534%
2025-11-27 17:56:54,187.03,Escaneo Jerárquico...,NINGUNA,33.3,35.8,0.82,MID,44.5,53.2,55.2,1.16,MID,7.9,60.2,5.3,2.05,MID,+0.0000%
2025-11-27 17:57:10,187.03,Escaneo Jerárquico...,NINGUNA,33.3,35.8,0.82,MID,44.5,53.2,55.2,1.16,MID,7.9,60.2,5.3,2.05,MID,+0.0000%
2025-11-27 17:57:28,187.07,Escaneo Jerárquico...,NINGUNA,35.8,45.0,0.81,MID,44.5,53.9,60.5,1.15,MID,7.9,60.8,7.2,2.06,MID,+0.0374%
2025-11-27 17:57:43,187.07,Escaneo Jerárquico...,NINGUNA,35.8,45.0,0.81,MID,44.5,53.9,60.5,1.15,MID,7.9,60.8,7.2,2.06,MID,-0.0053%
2025-11-27 17:57:58,187.08,Escaneo Jerárquico...,NINGUNA,42.3,69.2,0.79,MID,27.7,54.1,61.8,1.15,MID,29.2,60.9,7.7,2.06,MID,+0.0053%
2025-11-27 17:58:14,187.09,Escaneo Jerárquico...,NINGUNA,42.7,70.7,0.79,MID,27.7,54.3,63.0,1.15,MID,29.2,61.0,8.1,2.06,MID,-0.0160%
2025-11-27 17:58:31,187.09,Escaneo Jerárquico...,NINGUNA,42.7,70.7,0.79,MID,27.7,54.3,63.0,1.15,MID,29.2,61.0,8.1,2.06,MID,+0.0000%
2025-11-27 17:58:47,187.09,Escaneo Jerárquico...,NINGUNA,42.7,70.7,0.79,MID,27.7,54.3,63.0,1.15,MID,29.2,61.0,8.1,2.06,MID,+0.0000%
2025-11-27 17:59:04,187.12,Escaneo Jerárquico...,NINGUNA,43.8,75.2,0.79,MID,27.7,54.8,66.8,1.15,MID,29.2,61.5,9.6,2.06,MID,-0.0053%
2025-11-27 17:59:20,187.18,Escaneo Jerárquico...,NINGUNA,46.1,83.5,0.79,MID,27.7,55.8,74.0,1.15,MID,29.2,62.3,12.6,2.07,MID,+0.0214%
2025-11-27 17:59:37,187.09,Escaneo Jerárquico...,NINGUNA,42.7,70.7,0.79,MID,27.7,54.3,63.0,1.15,MID,29.2,61.0,8.1,2.06,MID,-0.0481%
2025-11-27 17:59:54,187.09,Escaneo Jerárquico...,NINGUNA,49.6,96.8,0.64,MID,31.4,54.3,63.0,1.15,MID,45.8,61.0,8.1,2.06,MID,+0.0053%
2025-11-27 18:00:12,187.12,Escaneo Jerárquico...,NINGUNA,50.8,100.0,0.64,MID,31.4,54.8,66.8,1.15,MID,45.8,61.5,9.6,2.06,MID,+0.0214%
2025-11-27 18:00:29,187.14,Escaneo Jerárquico...,NINGUNA,51.6,100.0,0.64,MID,31.4,55.2,69.2,1.15,MID,45.8,61.8,10.6,2.06,MID,+0.0053%
2025-11-27 18:00:46,187.02,Escaneo Jerárquico...,NINGUNA,47.1,87.4,0.65,MID,31.4,53.0,53.7,1.16,MID,45.8,60.1,4.8,2.05,MID,-0.0428%
2025-11-27 18:01:03,187.00,Escaneo Jerárquico...,NINGUNA,46.4,84.9,0.66,MID,31.4,52.6,50.8,1.16,MID,45.8,59.8,3.8,2.05,MID,-0.0053%
2025-11-27 18:01:20,186.91,Escaneo Jerárquico...,NINGUNA,43.6,74.4,0.68,MID,31.4,50.8,38.0,1.17,MID,45.8,58.6,0.0,2.05,MID,-0.0053%
2025-11-27 18:01:37,186.83,Escaneo Jerárquico...,NINGUNA,31.9,31.7,0.60,MID,25.4,48.4,21.0,1.18,MID,13.3,57.6,0.0,2.05,MID,-0.0428%
2025-11-27 18:01:55,186.93,Escaneo Jerárquico...,NINGUNA,34.4,41.7,0.57,MID,25.4,50.2,33.9,1.17,MID,13.3,43.3,0.0,1.95,MID,-0.0053%
2025-11-27 18:02:10,186.85,Escaneo Jerárquico...,NINGUNA,32.3,33.6,0.60,MID,25.4,48.7,23.5,1.18,MID,13.3,42.3,0.0,1.95,MID,-0.0214%
2025-11-27 18:02:25,186.98,Escaneo Jerárquico...,NINGUNA,35.8,47.4,0.56,MID,25.4,51.2,40.7,1.16,MID,13.3,44.0,0.0,1.95,MID,+0.0749%
2025-11-27 18:02:41,187.03,Escaneo Jerárquico...,NINGUNA,38.0,55.9,0.55,MID,25.4,52.2,47.9,1.16,MID,13.3,44.7,0.0,1.95,MID,+0.0267%
2025-11-27 18:02:56,187.05,Escaneo Jerárquico...,NINGUNA,39.0,59.9,0.55,MID,25.4,52.6,50.8,1.16,MID,13.3,45.0,0.0,1.95,MID,+0.0107%
2025-11-27 18:03:13,187.05,Escaneo Jerárquico...,NINGUNA,39.0,59.9,0.55,MID,25.4,52.6,50.8,1.16,MID,13.3,45.0,0.0,1.95,MID,-0.0053%
2025-11-27 18:03:29,187.09,Escaneo Jerárquico...,NINGUNA,40.9,67.4,0.55,MID,25.4,53.4,56.6,1.15,MID,13.3,45.6,0.0,1.96,MID,+0.0000%
2025-11-27 18:03:46,187.06,Escaneo Jerárquico...,NINGUNA,49.2,99.9,0.48,MID,23.5,52.8,52.3,1.15,MID,30.7,45.1,0.0,1.96,MID,-0.0160%
2025-11-27 18:04:03,187.07,Escaneo Jerárquico...,NINGUNA,49.6,100.0,0.48,MID,23.5,53.0,53.7,1.15,MID,30.7,45.3,0.0,1.96,MID,+0.0053%
2025-11-27 18:04:18,187.05,Escaneo Jerárquico...,NINGUNA,48.8,98.3,0.48,MID,23.5,52.6,50.8,1.16,MID,30.7,45.0,0.0,1.95,MID,-0.0160%
2025-11-27 18:04:34,187.09,Escaneo Jerárquico...,NINGUNA,50.4,100.0,0.48,MID,23.5,53.4,56.6,1.15,MID,30.7,45.6,0.0,1.96,MID,+0.0214%
2025-11-27 18:04:51,187.12,Escaneo Jerárquico...,NINGUNA,51.5,100.0,0.48,MID,23.5,53.9,60.5,1.15,MID,30.7,46.1,0.0,1.96,MID,+0.0053%
2025-11-27 18:05:06,187.10,Escaneo Jerárquico...,NINGUNA,50.8,100.0,0.48,MID,23.5,53.6,57.9,1.15,MID,30.7,45.7,0.0,1.96,MID,-0.0107%
2025-11-27 18:05:23,187.11,Escaneo Jerárquico...,NINGUNA,51.1,100.0,0.48,MID,23.5,53.8,59.2,1.15,MID,30.7,45.9,0.0,1.96,MID,+0.0000%
2025-11-27 18:05:39,187.04,Escaneo Jerárquico...,NINGUNA,54.9,88.1,0.46,MID,17.1,54.4,63.5,1.16,MID,3.2,44.8,0.0,1.95,MID,-0.0374%
2025-11-27 18:05:55,186.91,Escaneo Jerárquico...,NINGUNA,49.6,73.1,0.48,MID,17.1,51.7,44.6,1.17,MID,3.2,43.1,0.0,1.95,MID,-0.0107%
2025-11-27 18:06:13,186.94,Escaneo Jerárquico...,NINGUNA,50.8,76.3,0.47,MID,17.1,52.3,48.8,1.16,MID,3.2,43.5,0.0,1.95,MID,+0.0053%
2025-11-27 18:06:28,186.95,Escaneo Jerárquico...,NINGUNA,51.1,77.4,0.47,MID,17.1,52.5,50.2,1.16,MID,3.2,43.6,0.0,1.95,MID,+0.0000%
2025-11-27 18:06:45,186.93,Escaneo Jerárquico...,NINGUNA,50.4,75.2,0.47,MID,17.1,52.1,47.4,1.17,MID,3.2,43.3,0.0,1.95,MID,-0.0053%
2025-11-27 18:07:01,186.94,Escaneo Jerárquico...,NINGUNA,50.0,74.2,0.46,MID,50.2,52.3,48.8,1.16,MID,20.1,43.5,0.0,1.95,MID,+0.0053%
2025-11-27 18:07:16,186.96,Escaneo Jerárquico...,NINGUNA,50.7,76.3,0.46,MID,50.2,52.7,51.6,1.16,MID,20.1,43.7,0.0,1.95,MID,+0.0000%
2025-11-27 18:07:32,186.96,Escaneo Jerárquico...,NINGUNA,50.7,76.3,0.46,MID,50.2,52.7,51.6,1.16,MID,20.1,43.7,0.0,1.95,MID,+0.0000%
2025-11-27 18:07:50,186.94,Escaneo Jerárquico...,NINGUNA,50.0,74.2,0.46,MID,50.2,52.3,48.8,1.16,MID,20.1,43.5,0.0,1.95,MID,-0.0053%
2025-11-27 18:08:05,186.93,Escaneo Jerárquico...,NINGUNA,49.6,73.1,0.47,MID,50.2,52.1,47.4,1.17,MID,20.1,43.3,0.0,1.95,MID,-0.0107%
2025-11-27 18:08:22,186.83,Escaneo Jerárquico...,NINGUNA,46.1,63.1,0.50,MID,50.2,50.2,33.9,1.18,MID,20.1,42.1,0.0,1.95,MID,-0.0535%
2025-11-27 18:08:38,186.88,Escaneo Jerárquico...,NINGUNA,47.8,67.9,0.48,MID,50.2,51.1,40.5,1.17,MID,20.1,42.7,0.0,1.95,MID,+0.0000%
2025-11-27 18:08:55,186.92,Escaneo Jerárquico...,NINGUNA,49.2,72.0,0.47,MID,50.2,51.9,46.0,1.17,MID,20.1,43.2,0.0,1.95,MID,+0.0107%
2025-11-27 18:09:12,186.92,Escaneo Jerárquico...,NINGUNA,34.9,7.9,0.39,MID,3.0,51.9,46.0,1.17,MID,33.9,43.2,0.0,1.95,MID,+0.0000%
2025-11-27 18:09:27,186.92,Escaneo Jerárquico...,NINGUNA,34.9,7.9,0.39,MID,3.0,51.9,46.0,1.17,MID,33.9,43.2,0.0,1.95,MID,+0.0000%
2025-11-27 18:09:42,186.91,Escaneo Jerárquico...,NINGUNA,34.6,6.7,0.39,MID,3.0,51.7,44.6,1.17,MID,33.9,43.1,0.0,1.95,MID,-0.0053%
2025-11-27 18:09:57,186.91,Escaneo Jerárquico...,NINGUNA,34.6,6.7,0.39,MID,3.0,51.7,44.6,1.17,MID,33.9,43.1,0.0,1.95,MID,+0.0000%
2025-11-27 18:10:13,186.95,Escaneo Jerárquico...,NINGUNA,36.7,14.7,0.38,MID,3.0,52.5,50.2,1.16,MID,33.9,43.6,0.0,1.95,MID,+0.0214%
2025-11-27 18:10:31,186.94,Escaneo Jerárquico...,NINGUNA,36.1,12.5,0.38,MID,3.0,52.3,48.8,1.16,MID,33.9,43.5,0.0,1.95,MID,-0.0053%
2025-11-27 18:10:47,187.00,Escaneo Jerárquico...,NINGUNA,39.5,25.3,0.38,MID,3.0,53.5,57.5,1.16,MID,33.9,44.3,0.0,1.95,MID,+0.0321%
2025-11-27 18:11:03,187.07,Escaneo Jerárquico...,NINGUNA,52.0,72.7,0.38,MID,39.8,57.1,78.9,1.17,MID,7.9,45.3,0.0,1.96,MID,-0.0107%
2025-11-27 18:11:19,187.07,Escaneo Jerárquico...,NINGUNA,52.0,72.7,0.38,MID,39.8,57.1,78.9,1.17,MID,7.9,45.3,0.0,1.96,MID,+0.0000%
2025-11-27 18:11:34,187.17,Escaneo Jerárquico...,NINGUNA,56.2,89.1,0.40,MID,39.8,58.6,92.3,1.17,MID,7.9,46.9,0.0,1.96,MID,+0.0053%
2025-11-27 18:11:50,187.05,Escaneo Jerárquico...,NINGUNA,51.0,69.1,0.38,MID,39.8,56.8,76.1,1.17,MID,7.9,45.0,0.0,1.95,MID,-0.0428%
2025-11-27 18:12:06,187.06,Escaneo Jerárquico...,NINGUNA,51.5,70.9,0.38,MID,39.8,56.9,77.5,1.17,MID,7.9,45.1,0.0,1.96,MID,-0.0107%
2025-11-27 18:12:23,187.06,Escaneo Jerárquico...,NINGUNA,51.5,70.9,0.38,MID,39.8,56.9,77.5,1.17,MID,7.9,45.1,0.0,1.96,MID,+0.0000%
2025-11-27 18:12:40,187.05,Escaneo Jerárquico...,NINGUNA,51.0,69.1,0.38,MID,39.8,56.8,76.1,1.17,MID,7.9,45.0,0.0,1.95,MID,+0.0000%
2025-11-27 18:12:55,187.11,Escaneo Jerárquico...,NINGUNA,53.8,79.6,0.39,MID,39.8,57.7,84.4,1.17,MID,7.9,45.9,0.0,1.96,MID,-0.0053%
2025-11-27 18:13:11,187.05,Escaneo Jerárquico...,NINGUNA,45.8,49.5,0.37,MID,50.7,56.8,76.1,1.17,MID,28.8,45.0,0.0,1.95,MID,-0.0321%
2025-11-27 18:13:26,187.05,Escaneo Jerárquico...,NINGUNA,45.8,49.5,0.37,MID,50.7,56.8,76.1,1.17,MID,28.8,45.0,0.0,1.95,MID,-0.0214%
2025-11-27 18:13:42,187.03,Escaneo Jerárquico...,NINGUNA,44.9,45.9,0.37,MID,50.7,56.4,73.3,1.17,MID,28.8,44.7,0.0,1.95,MID,-0.0053%
2025-11-27 18:13:58,187.05,Escaneo Jerárquico...,NINGUNA,45.8,49.5,0.37,MID,50.7,56.8,76.1,1.17,MID,28.8,45.0,0.0,1.95,MID,-0.0214%
2025-11-27 18:14:13,186.94,Escaneo Jerárquico...,NINGUNA,41.1,31.5,0.38,MID,50.7,54.9,59.9,1.18,MID,28.8,43.5,0.0,1.95,MID,-0.0374%
2025-11-27 18:14:29,186.89,Escaneo Jerárquico...,NINGUNA,39.3,24.6,0.39,MID,50.7,53.9,51.6,1.18,MID,28.8,42.8,0.0,1.95,MID,-0.0214%
2025-11-27 18:14:45,187.14,Escaneo Jerárquico...,NINGUNA,50.5,67.2,0.38,MID,50.7,58.2,88.4,1.17,MID,28.8,46.4,0.0,1.96,MID,+0.1659%
2025-11-27 18:15:01,187.21,Escaneo Jerárquico...,NINGUNA,59.1,100.0,0.40,MID,38.0,59.2,97.4,1.17,MID,45.2,47.6,0.0,1.97,MID,+0.0321%
2025-11-27 18:15:18,187.16,Escaneo Jerárquico...,NINGUNA,57.3,92.9,0.39,MID,38.0,58.5,91.1,1.17,MID,45.2,46.7,0.0,1.96,MID,-0.0214%
2025-11-27 18:15:34,187.16,Escaneo Jerárquico...,NINGUNA,57.3,92.9,0.39,MID,38.0,58.5,91.1,1.17,MID,45.2,46.7,0.0,1.96,MID,+0.0000%
2025-11-27 18:15:50,187.06,Escaneo Jerárquico...,NINGUNA,53.0,76.7,0.37,MID,38.0,56.9,77.5,1.17,MID,45.2,45.1,0.0,1.96,MID,-0.0534%
2025-11-27 18:16:07,187.11,Escaneo Jerárquico...,NINGUNA,55.2,85.2,0.38,MID,38.0,57.7,84.4,1.17,MID,45.2,45.9,0.0,1.96,MID,+0.0160%
2025-11-27 18:16:23,187.17,Escaneo Jerárquico...,NINGUNA,57.7,94.4,0.39,MID,38.0,58.6,92.3,1.17,MID,45.2,46.9,0.0,1.96,MID,-0.0267%
2025-11-27 18:16:39,187.16,Escaneo Jerárquico...,NINGUNA,57.3,92.9,0.39,MID,38.0,58.5,91.1,1.17,MID,45.2,46.7,0.0,1.96,MID,+0.0000%
2025-11-27 18:16:55,187.16,Escaneo Jerárquico...,NINGUNA,57.3,92.9,0.39,MID,38.0,58.5,91.1,1.17,MID,45.2,46.7,0.0,1.96,MID,-0.0053%
2025-11-27 18:17:11,187.20,Escaneo Jerárquico...,NINGUNA,56.6,87.9,0.39,MID,77.9,59.4,99.1,1.14,MID,27.5,42.9,0.0,1.75,MID,+0.0053%
2025-11-27 18:17:28,187.33,Escaneo Jerárquico...,NINGUNA,61.3,100.0,0.45,UPPER,77.9,61.3,100.0,1.16,MID,27.5,45.2,0.0,1.76,MID,+0.0320%
2025-11-27 18:17:44,187.24,Escaneo Jerárquico...,NINGUNA,58.2,94.1,0.41,MID,77.9,60.1,100.0,1.15,MID,27.5,43.6,0.0,1.75,MID,-0.0160%
2025-11-27 18:18:01,187.19,Escaneo Jerárquico...,NINGUNA,56.2,86.2,0.39,MID,77.9,59.2,96.8,1.14,MID,27.5,42.8,0.0,1.75,MID,-0.0053%
2025-11-27 18:18:17,187.23,Escaneo Jerárquico...,NINGUNA,57.8,92.6,0.40,MID,77.9,59.9,100.0,1.14,MID,27.5,43.4,0.0,1.75,MID,+0.0267%
2025-11-27 18:18:33,187.24,Escaneo Jerárquico...,NINGUNA,58.2,94.1,0.41,MID,77.9,60.1,100.0,1.15,MID,27.5,43.6,0.0,1.75,MID,-0.0107%
